stage,position,n,A,C,D,E,F,G,H,I,K,L,M,N,P,Q,R,S,T,V,W,Y
Generated,79,700000,0.175,0.085,1.262,19.36,0.714,0.099,0.108,14.257,0.03,5.604,5.424,1.432,0.017,0.541,0.442,0.186,1.556,47.605,0.11,0.994
Generated,80,700000,0.015,0.324,1.152,0.012,0.045,0.015,0.021,0.009,0.005,0.018,0.013,0.274,0.004,0.008,0.011,41.3,56.586,0.012,0.093,0.083
Generated,82,700000,0.516,0.013,0.103,88.292,0.009,0.024,0.018,1.11,0.071,0.215,1.244,0.014,0.005,5.165,1.416,0.107,0.339,1.304,0.021,0.016
Unique sequences,79,530299,0.229,0.111,1.572,19.554,0.908,0.13,0.141,14.81,0.039,6.342,6.235,1.772,0.023,0.692,0.571,0.244,1.933,43.29,0.145,1.261
Unique sequences,80,530299,0.02,0.427,1.482,0.015,0.06,0.019,0.028,0.012,0.006,0.023,0.017,0.359,0.006,0.011,0.015,42.054,55.199,0.015,0.123,0.11
Unique sequences,82,530299,0.666,0.017,0.136,85.63,0.012,0.031,0.023,1.394,0.094,0.281,1.56,0.018,0.007,6.124,1.757,0.141,0.435,1.625,0.028,0.021
Sequence filters 1-5,79,43146,0.0,0.0,0.0,91.452,0.0,0.0,0.617,0.0,0.199,0.0,0.0,0.0,0.0,0.0,2.985,0.0,0.0,0.0,0.0,4.747
Sequence filters 1-5,80,43146,0.0,0.934,0.315,0.002,0.058,0.032,0.03,0.037,0.007,0.053,0.028,0.607,0.012,0.002,0.044,0.0,97.534,0.0,0.185,0.118
Sequence filters 1-5,82,43146,0.0,0.0,0.0,98.144,0.0,0.0,0.023,0.0,0.079,0.0,0.0,0.0,0.0,0.0,1.743,0.0,0.0,0.0,0.0,0.012
Sequence filter 6 (aspartimide),79,42106,0.0,0.0,0.0,91.448,0.0,0.0,0.622,0.0,0.202,0.0,0.0,0.0,0.0,0.0,2.985,0.0,0.0,0.0,0.0,4.743
Sequence filter 6 (aspartimide),80,42106,0.0,0.94,0.0,0.002,0.059,0.031,0.031,0.036,0.007,0.055,0.028,0.615,0.012,0.002,0.045,0.0,97.827,0.0,0.19,0.119
Sequence filter 6 (aspartimide),82,42106,0.0,0.0,0.0,98.195,0.0,0.0,0.024,0.0,0.078,0.0,0.0,0.0,0.0,0.0,1.691,0.0,0.0,0.0,0.0,0.012
Sequence filter 7 (ETGE excluded),79,5118,0.0,0.0,0.0,29.64,0.0,0.0,5.119,0.0,1.661,0.0,0.0,0.0,0.0,0.0,24.56,0.0,0.0,0.0,0.0,39.019
Sequence filter 7 (ETGE excluded),80,5118,0.0,7.737,0.0,0.02,0.488,0.254,0.254,0.293,0.059,0.449,0.234,5.061,0.098,0.02,0.371,0.0,82.122,0.0,1.563,0.977
Sequence filter 7 (ETGE excluded),82,5118,0.0,0.0,0.0,85.15,0.0,0.0,0.195,0.0,0.645,0.0,0.0,0.0,0.0,0.0,13.912,0.0,0.0,0.0,0.0,0.098
Structure-based selection,79,28,0.0,0.0,0.0,7.143,0.0,0.0,14.286,0.0,3.571,0.0,0.0,0.0,0.0,0.0,21.429,0.0,0.0,0.0,0.0,53.571
Structure-based selection,80,28,0.0,0.0,0.0,0.0,0.0,0.0,0.0,0.0,0.0,0.0,0.0,7.143,0.0,0.0,0.0,0.0,92.857,0.0,0.0,0.0
Structure-based selection,82,28,0.0,0.0,0.0,100.0,0.0,0.0,0.0,0.0,0.0,0.0,0.0,0.0,0.0,0.0,0.0,0.0,0.0,0.0,0.0,0.0
